﻿<?xml version="1.0" ?>
<lom xmlns="http://ltsc.ieee.org/xsd/LOM">
  <general>
    <identifier>
      <catalog>DOI</catalog>
      <entry></entry>
    </identifier>
    <title>
      <string language="en">
      </string>
    </title>
    <description>
      <string language="en">None Available</string>
    </description>
  </general>
  <metaMetadata>
    <identifier>
      <catalog>DOI</catalog>
      <entry></entry>
    </identifier>
    <metadataSchema>LOMv1.0</metadataSchema>
    <metadataSchema>SCORM_CAM_v1.3</metadataSchema>
    <metadataSchema>2004 4th Edition</metadataSchema>
  </metaMetadata>
  <technical>
    <format>html</format>
    <size></size>
    <location>AIM</location>
  </technical>
  <rights>
    <cost>
      <source>LOMv1.0</source>
      <value>yes</value>
    </cost>
    <description>
      <string language="en">Unclassified DOD asset.  No Cost for DOD entities.</string>
    </description>    
  </rights>
  <classification>
    <purpose>
      <source>
        LOMv1.0
      </source>
      <value>
        security level
      </value>
    </purpose>
    <taxonPath>
      <source>
        <string language="en">
          DoD 5220.22-M
        </string>
      </source>
      <taxon>
        <id>type</id>
        <entry>
          <string language="en">
            US
          </string>
        </entry>
      </taxon>
      <taxon>
        <id>classifiedBy</id>
       			<entity>BEGIN:VCARD VERSION:2.1;FN:Logistic Services International (LSI), Inc.;ORG:Logistic Services International (LSI), Inc.;Surface Warfare Dept.;Jacksonville;Florida;ADR:6111 Technology Ct.;Jacksonville;FL;32222;USA;PHONE:904.771.2100;EMAIL:rwheeler@lsijax.com;end:vCard</entity>
      </taxon>
      <taxon>
        <id>marking</id>
        <entry>
          <string language="en">
            Unclassified (U)
          </string>
        </entry>
      </taxon>
    </taxonPath>
    <description>
      <string language="en">
       Classification as directed by SSP 2056  </string>
    </description>
    <keyword>
      <string language="en">
        security
      </string>
    </keyword>
  </classification>
</lom>