﻿<?xml version="1.0" encoding="utf-8"?>
<lessons>
  <lesson id="wbs_6.1">
    <section type_section="IMI">Quick Look Messages (V1)</section>
    <section type_section="ILT">Manage Brief Content and Quality (V1)</section>
    <section type_section="ILT">Manage Resources (V1)</section>
  </lesson>
  <lesson id="wbs_2.13">
    <section type_section="IMI">General Knowledge of the D-5 Firing Circuit (V1)</section>
    <section type_section="IMI">Inspection Criteria for Departure Switches and Support Ring Plungers (V1)</section>
    <section type_section="IMI">Closure Detonator Circuit Check Equipment (V1)</section>
    <section type_section="IMI">Functional and Interface Knowledge of the D-5 Firing Circuit (V1)</section>
    <section type_section="IMI">General Knowledge of Vertical Support Group (VSG) (V1)</section>
    <section type_section="IMI">Functional and Interface Knowledge of Launch Tube Closure Group (V1)</section>
    <section type_section="IMI">Vertical Support Group (VSG) Height and Concentricity Limits (V1)</section>
    <section type_section="IMI">D-5 Firing Circuit (V1)</section>
  </lesson>
  <lesson id="WBS_1.10">
    <section type_section="IMI">Purpose and Organization of Strategic Weapons System (SWS) Documentation (V1)</section>
    <section type_section="IMI">Procedural Methodology (V1)</section>
  </lesson>
  <lesson id="wbs_1.3">
    <section type_section="IMI">Nuclear Weapons Safety Rules (V1)</section>
    <section type_section="IMI">Nuclear Weapons Safety Standards (V1)</section>
  </lesson>
  <lesson id="wbs_2.5">
    <section type_section="IMI">Media Storage Devices (V1)</section>
    <section type_section="IMI">Media-Receipt Procedures (V1)</section>
  </lesson>
  <lesson id="WBS_1.7">
    <section type_section="ILT">Identification of Nuclear Weapons Security Violations (V1)</section>
    <section type_section="ILT">Actions for Nuclear Weapons Security Violation (V1)</section>
  </lesson>
  <lesson id="wbs_1.4">
    <section type_section="IMI">The Personnel Reliability Program (PRP) (V1)</section>
    <section type_section="ILT">Application and Use of Deadly Force (V1)</section>
    <section type_section="ILT">Security Force Small Arms and Protective Equipment (V1)</section>
    <section type_section="ILT">Individual Chemical/Biological/Radiological (CBR) Measures Required in Event of an Attack using an Incapacitating Agent (V1)</section>
    <section type_section="IMI">The Duress System (V1)</section>
    <section type_section="IMI">Two-Person Control (V1)</section>
    <section type_section="IMI">Sensitive Keys (V1)</section>
    <section type_section="IMI">Communication Devices and Circuits (V1)</section>
    <section type_section="ILT">Use of Communication Devices and Circuits (V1)</section>
  </lesson>
  <lesson id="wbs_1.15">
    <section type_section="IMI">General Knowledge of Weapons Power (V1)</section>
    <section type_section="IMI">Missile Power Configurations (V1)</section>
    <section type_section="IMI">Isolation and Restoration of SWSS Equipment, EAFW Pumps, and Fans in the Missile Compartment (MC) (V1)</section>
    <section type_section="IMI">Isolation and Restoration of Power to the Fire Control Equipment in the Missile Compartment (V1)</section>
    <section type_section="IMI">Low Voltage Direct Current (LVDC) Rectifier Shift (V1)</section>
    <section type_section="IMI">General Knowledge of the Power Subsystem (PWRSS) (V1)</section>
    <section type_section="IMI">Functional Knowledge of the Power Subsystem (V1)</section>
    <section type_section="IMI">Functional and Interface Knowledge of Weapons Power (V1)</section>
  </lesson>
  <lesson id="wbs_3.1">
    <section type_section="IMI">Upkeep Planning Documentation (V1)</section>
    <section type_section="IMI">Maintenance Application Function (V1)</section>
    <section type_section="IMI">The Production Status Report (PSR) (V1)</section>
    <section type_section="IMI">General Knowledge of Shipyard Operations (V1)</section>
    <section type_section="IMI">System Limitations Affecting Maintenance Planning (V1)</section>
    <section type_section="IMI">Strategic Weapons System  Maintenance Policies (V1)</section>
    <section type_section="IMI">Requirements for Welding and Brazing (V1)</section>
  </lesson>
  <lesson id="wbs_2.7">
    <section type_section="IMI">AN/PDR-73 Monitoring Requirements (V1)</section>
    <section type_section="IMI">NO TRAIN Radiac Check Requirements (V1)</section>
    <section type_section="IMI">AN/PDR-73 (V1)</section>
    <section type_section="ILT">AN/PDR-73 Startup and Shutdown (V1)</section>
    <section type_section="IMI">Radiac Check of the AN/PDR-70 (V1)</section>
    <section type_section="ILT">NO TRAIN Radiac Check of the AN/PDQ-Series (V1)</section>
  </lesson>
  <lesson id="WBS_3.3">
    <section type_section="IMI">Functional Knowledge of the Purpose and Operation of the Guidance Temperature Monitor (V1)</section>
    <section type_section="IMI">Battery Simulating Cable and Ignition Inverter Simulator (V1)</section>
    <section type_section="IMI">Specific Safety Precautions for Activated Battery (V1)</section>
    <section type_section="IMI">Missile Onloading Prism Unit (MOPU) (V1)</section>
    <section type_section="IMI">Operation of the Hydraulic Fluid Supply Equipment (V1)</section>
    <section type_section="IMI">Functional and Interface Knowledge of the Umbilical Retractor Group (V1)</section>
  </lesson>
  <lesson id="wbs_2.6">
    <section type_section="IMI">Fire Control Problem (V1)</section>
    <section type_section="IMI">In-Port Missile Testing (V1)</section>
    <section type_section="IMI">General Knowledge of Tide Height and Ship's Depth Readings (V1)</section>
    <section type_section="IMI">Fuze Set Test (V1)</section>
    <section type_section="IMI">Perform Fuze Set Test (V1)</section>
    <section type_section="IMI">Azimuth Measurement Test (V1)</section>
    <section type_section="IMI">Guidance Correction Coefficient (GCC) Data (V1)</section>
  </lesson>
  <lesson id="wbs_3.8">
    <section type_section="IMI">Power Buffer Replacement (V1)</section>
    <section type_section="IMI">Power Supply Replacement (V1)</section>
  </lesson>
  <lesson id="wbs_3.11">
    <section type_section="IMI">Missile Jettison Considerations (V1)</section>
    <section type_section="ILT">Required Actions for All Missile Emergency Scenarios as Launcher (LCHR) (V1)</section>
    <section type_section="ILT">Perform Missile Jettison Actions as Launcher (LCHR) (V1)</section>
  </lesson>
  <lesson id="wbs_2.24">
    <section type_section="IMI">Battery &amp; Flight Control Electronic Assembly Handling Equipment (V1)</section>
    <section type_section="IMI">Missile Maintenance Support Equipment (V1)</section>
    <section type_section="ILT">Install/Remove Battery Simulating Cable and Ignition Inverter Simulator (V1)</section>
    <section type_section="ILT">Battery Replacement (V1)</section>
    <section type_section="ILT">Replenish Gas Hydraulic Assembly Fluid (V1)</section>
    <section type_section="ILT">Replace Flight Control Electronics Assembly (FCEA) (V1)</section>
    <section type_section="ILT">Replace Command Sequencer (V1)</section>
    <section type_section="IMI">Umbilical Retractor Group (V1)</section>
    <section type_section="IMI">Umbilical Operations Tools and Equipment (V1)</section>
    <section type_section="ILT">Mate/Demate Umbilical (V1)</section>
    <section type_section="ILT">Install/Remove Umbilical (V1)</section>
    <section type_section="ILT">Install/Remove Umbilical Retract Mechanism (V1)</section>
  </lesson>
  <lesson id="wbs_2.16">
    <section type_section="IMI">Missile Handling System Equipment (V1)</section>
    <section type_section="IMI">Ejector Group Handling Equipment (V1)</section>
    <section type_section="IMI">General Knowledge of Launch Tube Closure Handling Equipment (V1)</section>
    <section type_section="IMI">Detonator Pigtail Inspection Criteria (V1)</section>
    <section type_section="IMI">General Knowledge of Missile Ejector Group (V1)</section>
    <section type_section="IMI">Functional and Interface Knowledge of Missile Ejector Group (V1)</section>
  </lesson>
  <lesson id="wbs_2.3">
    <section type_section="IMI">Greasing of Bearings (V1)</section>
    <section type_section="IMI">Electrical Motor Greasing (V1)</section>
  </lesson>
  <lesson id="wbs_2.4">
    <section type_section="IMI">Missile Control Center (MCC) Ventilation (V1)</section>
    <section type_section="IMI">Perform Lineup for Strategic Weapons System (SWS) Missile Control Center/Navigation (MCC/NAV) Ventilation System for All Modes (V1)</section>
  </lesson>
  <lesson id="wbs_2.8">
    <section type_section="IMI">Missile Control Center (MCC) Ventilation (V1)</section>
    <section type_section="IMI">Perform Lineup for Strategic Weapons System (SWS) Missile Control Center/Navigation (MCC/NAV) Ventilation System for All Modes (V1)</section>
  </lesson>
  <lesson id="2.8 new">
    <section type_section="IMI">Requirements for Data Collection and Data Package Submission (V1)</section>
  </lesson>
  <lesson id="wbs_2.11">
    <section type_section="IMI">General Knowledge of Missile tube Dehumidification and Drying (MDD) (V1)</section>
    <section type_section="IMI">NO TRAIN - Missile Tube Dehumidification and Drying (MDD) Precautions and Thresholds (V1)</section>
    <section type_section="IMI">Missile Tube Dehumidification and Drying (MDD) Line Up (V1)</section>
    <section type_section="IMI">Verification/Replacement of the Missile Tube Dehumidification and Drying (MDD) Blower Assembly Oil (V1)</section>
    <section type_section="IMI">Functional and Interface Knowledge of Missile Tube Dehumidification and Drying (MDD) (V1)</section>
  </lesson>
  <lesson id="wbs_3.9">
    <section type_section="IMI">Create Weapons System Training Scenarios (V1)</section>
    <section type_section="IMI">Create Simulator Training Scenarios (V1)</section>
    <section type_section="ILT">Training Countdown Preparation (V1)</section>
    <section type_section="IMI">Training Countdown Requirements and Limitations (V1)</section>
  </lesson>
  <lesson id="WBS_5.4">
    <section type_section="IMI">Effect of Ship's Condition on Strategic Weapons System Readiness (V1)</section>
    <section type_section="IMI">Principles of Strategic Weapons System Operations (PSWSO) Readiness Requirements (V1)</section>
    <section type_section="IMI">Magnetic Silencing Facility (MSF) Operations (V1)</section>
  </lesson>
  <lesson id="wbs_1.11">
    <section type_section="IMI">Strategic Weapons System Documentation (V1)</section>
    <section type_section="ILT">User Access System (UAS) (V1)</section>
    <section type_section="IMI">Electronic Documentation (V1)</section>
    <section type_section="ILT">Change Entry and Verification for Electronic Documentation (V1)</section>
    <section type_section="ILT">Advanced Technical Information Support (ATIS) (V1)</section>
  </lesson>
  <lesson id="WBS_1.21">
    <section type_section="IMI">Trident II Missile (V1)</section>
    <section type_section="IMI">Missile Component Locations and Orientation (V1)</section>
    <section type_section="IMI">Move to 1.21.2--Missile Electrical Connectors (V1)</section>
    <section type_section="IMI">Below Decks Missile Entry Equipment (V1)</section>
    <section type_section="IMI">Missile Muzzle Hatch Parts (V1)</section>
    <section type_section="IMI">Topside Missile Entry Equipment (V1)</section>
    <section type_section="IMI">Safety Precautions for Missile Entry (V1)</section>
    <section type_section="ILT">Equipment Section Entry (Team Member) (V1)</section>
    <section type_section="ILT">Muzzle Hatch Operations (Team Member) (V1)</section>
    <section type_section="ILT">Manual Override of Missile Muzzle Hatch (Team Member) (V1)</section>
    <section type_section="IMI">Two-Person Rule (V1)</section>
  </lesson>
  <lesson id="wbs_1.25">
    <section type_section="IMI">Material Safety Data Sheet (MSDS) Program (V1)</section>
    <section type_section="IMI">HAZMAT Disposal Methods (V1)</section>
    <section type_section="ILT">Safety Precautions for Moving Equipment (V1)</section>
    <section type_section="IMI">Equipment Locations and Storage (V1)</section>
    <section type_section="IMI">Air Filters (V1)</section>
    <section type_section="IMI">Maintenance Platform Operations (V1)</section>
    <section type_section="IMI">Inspect, Clean, and Replace Ventilation Filters (V1)</section>
    <section type_section="IMI">Cleaning of Mechanical Components (V1)</section>
    <section type_section="IMI">Safety Precautions Taken for Welding/Brazing (V1)</section>
    <section type_section="IMI">Clean and Inspect Mechanical Components (V1)</section>
  </lesson>
  <lesson id="WBS_2.18">
    <section type_section="ILT">Preparation of Work Logs (V1)</section>
    <section type_section="IMI">Organization and Content of the Missile Service Logs (V1)</section>
    <section type_section="IMI">Intermittent Failure Logs (FIFL and G/MIFL) (V1)</section>
    <section type_section="IMI">Logging Requirements for Troubleshooting (V1)</section>
  </lesson>
  <lesson id="wbs_1.18">
    <section type_section="IMI">General Knowledge of Missile Gas (MG) (V1)</section>
    <section type_section="IMI">Functional and Interface Knowledge of Missile Gas (MG) (V1)</section>
    <section type_section="ILT">Operate Pneumatically Controlled Valves (V1)</section>
    <section type_section="ILT">Operate Manually Controlled Valves (V1)</section>
  </lesson>
  <lesson id="wbs_2.30">
    <section type_section="IMI">Inspect Pneumatic System Components (V1)</section>
    <section type_section="IMI">Perform Leak Check (V1)</section>
  </lesson>
  <lesson id="wbs_1.23">
    <section type_section="IMI">Ordnance Hazards (V1)</section>
    <section type_section="IMI">General Knowledge of Detonator Power Distribution (V1)</section>
    <section type_section="IMI">Conventional Weapons Handling Team Member (V1)</section>
    <section type_section="ILT">Participate as Team Member during Launch Tube Closure Detonator Installation and Removal (V1)</section>
    <section type_section="IMI">General Knowledge of Launch Tube Closure Group (V1)</section>
  </lesson>
  <lesson id="wbs_2.29">
    <section type_section="IMI">Clean and Inspect Pneumatic System Components (V1)</section>
    <section type_section="ILT">NO TRAIN Adjust Pneumatic System Components (V1)</section>
  </lesson>
  <lesson id="wbs_2_13">
    <section type_section="IMI">D-5 Firing Circuit (V1)</section>
    <section type_section="IMI">Inspection Criteria for Departure Switches and Support Ring Plungers (V1)</section>
    <section type_section="IMI">Closure Detonator Circuit Check Equipment (V1)</section>
    <section type_section="IMI">Functional and Interface Knowledge of the D-5 Firing Circuit (V1)</section>
    <section type_section="IMI">General Knowledge of Vertical Support Group (VSG) (V1)</section>
    <section type_section="IMI">NO TRAIN-Functional and Interface Knowledge of Vertical Support Group (VSG) (V1)</section>
    <section type_section="IMI">Functional and Interface Knowledge of Launch Tube Closure Group (V1)</section>
    <section type_section="IMI">Vertical Support Group (VSG) Height and Concentricity Limits (V1)</section>
  </lesson>
  <lesson id="wbs_7_4">
    <section type_section="IMI">Effect of Ship's Condition on Strategic Weapons System Readiness (V1)</section>
    <section type_section="IMI">Principles of Strategic Weapons System Operations (PSWSO) Readiness Requirements (V1)</section>
    <section type_section="IMI">Magnetic Silencing Facility (MSF) Operations (V1)</section>
  </lesson>
  <lesson id="wbs_32.12">
    <section type_section="ILT">Electrical Cable Connector Repairs (V1)</section>
    <section type_section="ILT">Cable Replacement (V1)</section>
    <section type_section="IMI">Use the Universal Wire List (UWL) (V1)</section>
  </lesson>
  <lesson id="wbs_22.14">
    <section type_section="IMI">Data Operations (V1)</section>
    <section type_section="ILT">Data Entry (V1)</section>
    <section type_section="IMI">Leap Second Adjustment (V1)</section>
    <section type_section="IMI">Fire Control Automatic Data Collection (V1)</section>
    <section type_section="IMI">Missile Handling System Equipment (V1)</section>
    <section type_section="IMI">Ejector Group Handling Equipment (V1)</section>
    <section type_section="IMI">General Knowledge of Launch Tube Closure Handling Equipment (V1)</section>
    <section type_section="IMI">Detonator Pigtail Inspection Criteria (V1)</section>
    <section type_section="IMI">General Knowledge of Missile Ejector Group (V1)</section>
    <section type_section="IMI">Functional and Interface Knowledge of Missile Ejector Group (V1)</section>
  </lesson>
  <lesson id="wbs_21.4">
    <section type_section="IMI">D-5 Firing Circuit (V1)</section>
    <section type_section="IMI">Inspection Criteria for Departure Switches and Support Ring Plungers (V1)</section>
    <section type_section="IMI">Closure Detonator Circuit Check Equipment (V1)</section>
    <section type_section="IMI">Functional and Interface Knowledge of the D-5 Firing Circuit (V1)</section>
    <section type_section="IMI">General Knowledge of Vertical Support Group (VSG) (V1)</section>
    <section type_section="IMI">Functional and Interface Knowledge of Launch Tube Closure Group (V1)</section>
    <section type_section="IMI">Vertical Support Group (VSG) Height and Concentricity Limits (V1)</section>
  </lesson>
  <lesson id="wbs_11.24">
    <section type_section="ILT">General Knowledge of Module Replacement (V1)</section>
    <section type_section="ILT">Assist in Module Replacement (V1)</section>
    <section type_section="IMI">Storage of Ready Spares (V1)</section>
    <section type_section="IMI">Fire Control System Special Tools (V1)</section>
  </lesson>
  <lesson id="wbs_11.18">
    <section type_section="IMI">Ordnance Hazards (V1)</section>
    <section type_section="IMI">General Knowledge of Detonator Power Distribution (V1)</section>
    <section type_section="IMI">Conventional Weapons Handling Team Member (V1)</section>
    <section type_section="ILT">Participate as Team Member during Launch Tube Closure Detonator Installation and Removal (V1)</section>
    <section type_section="IMI">General Knowledge of Launch Tube Closure Group (V1)</section>
  </lesson>
  <lesson id="wbs_11.20">
    <section type_section="IMI">Material Safety Data Sheet (MSDS) Program (V1)</section>
    <section type_section="IMI">HAZMAT Disposal Methods (V1)</section>
    <section type_section="ILT">Safety Precautions for Moving Equipment (V1)</section>
    <section type_section="IMI">Equipment Locations and Storage (V1)</section>
    <section type_section="IMI">Air Filters (V1)</section>
    <section type_section="IMI">Maintenance Platform Operations (V1)</section>
    <section type_section="IMI">Inspect, Clean, and Replace Ventilation Filters (V1)</section>
    <section type_section="IMI">Clean and Inspect Mechanical Components (V1)</section>
    <section type_section="IMI">Safety Precautions Taken for Welding/Brazing (V1)</section>
    <section type_section="IMI">Safety Precautions Taken for Welding/Brazing Work in the Missile Compartment (V1)</section>
  </lesson>
  <lesson id="wbs_22.12">
    <section type_section="ILT">Countdown Operations of the Fire Control System (FCS) (V1)</section>
    <section type_section="ILT">Power Subsystem (PWRSS) and Preset Power Subsystem (PPSS) (V1)</section>
    <section type_section="IMI">Display and Control Subsystem (DCSS) (V1)</section>
    <section type_section="IMI">Data Entry Subsystem (DESS) (V1)</section>
    <section type_section="IMI">Computer Operator Interface Subsystem (COISS) and Mass Memory Subsystem (MMSS) (V1)</section>
    <section type_section="IMI">Navigation and Missile Test and Readiness Equipment (MTRE) Interface Subsystem (NMISS) (V1)</section>
    <section type_section="IMI">Monitor and Power Subsystem (MAPS) (V1)</section>
    <section type_section="IMI">Tube Interface Box Subsystem (TIBSS) (V1)</section>
    <section type_section="IMI">Control and Monitoring Panel (CAMP) (V1)</section>
    <section type_section="IMI">Functional and Interface Knowledge of the Launch Tube Network Center (LNC) (V1)</section>
    <section type_section="ILT">Perform Basic Operation of the Fire Control System (FCS) (V1)</section>
    <section type_section="ILT">Perform SSBN Countdown Operations as a Computer Operator (V1)</section>
    <section type_section="ILT">General Knowledge of Fire Control System (FCS) Casualty Procedures (V1)</section>
    <section type_section="ILT">Fire Control Power Isolation and Restoration (V1)</section>
  </lesson>
  <lesson id="wbs_11.11">
    <section type_section="IMI">General Knowledge of Weapons Power (V1)</section>
    <section type_section="IMI">Missile Power Configurations (V1)</section>
    <section type_section="LAB">NO TRAIN- Isolation and Restoration of Power to Missile Heating and Cooling (MHC) Heaters (V1)</section>
    <section type_section="LAB">NO TRAIN - Isolation and Restoration of Power to Missile Heating and Cooling (MHC) Pumps (V1)</section>
    <section type_section="LAB">NO TRAIN -Isolation and Restoration of Power to Missile Tube Dehumidification and Drying (MDD) Plant (V1)</section>
    <section type_section="IMI">Isolate and Restore Power to the Fire Control Equipment in the Missile Compartment (V1)</section>
    <section type_section="LAB">NO TRAIN - Isolation and Restoration of Power to SWS Low Voltage Direct Current (LVDC) Rectifiers (V1)</section>
    <section type_section="IMI">Low Voltage Direct Current (LVDC) Rectifier Shift (V1)</section>
    <section type_section="LAB">NO TRAIN -Isolation and Restoration of Variable Energy Eject (VEE) Panel Power (V1)</section>
    <section type_section="LAB">NO TRAIN - Isolation and Restoration of Power to Electronic and Auxiliary Fresh Water (EAFW) Pumps (V1)</section>
    <section type_section="IMI">General Knowledge of the Power Subsystem (PWRSS) (V1)</section>
    <section type_section="IMI">Functional Knowledge of the Power Subsystem (V1)</section>
    <section type_section="IMI">Functional and Interface Knowledge of Weapons Power (V1)</section>
    <section type_section="IMI">Isolation and Restoration of SWSS Equipment, EAFW Pumps, and Fans in the Missile Compartment (MC) (V1)</section>
    <section type_section="IMI">General Knowledge of Power Subsystem (PWRSS) (V1)</section>
    <section type_section="IMI">Functional Knowledge of Power Subsystem (V1)</section>
  </lesson>
  <lesson id="wbs_21.02">
    <section type_section="IMI">Greasing of Bearings (V1)</section>
    <section type_section="IMI">Electrical Motor Greasing (V1)</section>
  </lesson>
  <lesson id="wbs_21.14">
    <section type_section="IMI">Missile Handling System Equipment (V1)</section>
    <section type_section="IMI">Ejector Group Handling Equipment (V1)</section>
    <section type_section="IMI">General Knowledge of Launch Tube Closure Handling Equipment (V1)</section>
    <section type_section="IMI">Detonator Pigtail Inspection Criteria (V1)</section>
    <section type_section="IMI">General Knowledge of Missile Ejector Group (V1)</section>
    <section type_section="IMI">Functional and Interface Knowledge of Missile Ejector Group (V1)</section>
  </lesson>
  <lesson id="wbs_22.2">
    <section type_section="IMI">Preparation of Work Logs (V1)</section>
    <section type_section="IMI">Organization and Content of the Missile Service Logs (V1)</section>
    <section type_section="IMI">Intermittent Failure Logs (FIFL and G/MIFL) (V1)</section>
    <section type_section="IMI">Logging Requirements for Troubleshooting (V1)</section>
  </lesson>
  <lesson id="wbs_32.19">
    <section type_section="IMI">Strategic Weapons System (SWS) Countdown Methodology (V1)</section>
    <section type_section="ILT">Fire Control System (FCS) Casualty Procedures (CPs) Actions (V1)</section>
    <section type_section="ILT">Launcher (LCHR) Casualty Procedures (CPs) Actions (V1)</section>
    <section type_section="ILT">Countdown Operations as a Fire Control Troubleshooter (V1)</section>
    <section type_section="ILT">Countdown Operations as Fire Control Supervisor (V1)</section>
    <section type_section="ILT">Countdown Operations as Launcher Operator (V1)</section>
  </lesson>
  <lesson id="wbs_1.01">
    <section type_section="LAB">Introduction to the Missile Technician Continuum (V1)</section>
    <section type_section="LAB">General Knowledge of Electronic Training Assets (V1)</section>
    <section type_section="LAB">General Knowledge of VIPr (V1)</section>
    <section type_section="LAB">SWS Labs at TRIDENT Training Facilities (TTFs) (V1)</section>
    <section type_section="IMI">The Trident Information Bulletin (TIB) (V1)</section>
    <section type_section="LAB">Utilize Interactive Multimedia Instruction (IMI) and Learning Management System (LMS) (V1)</section>
  </lesson>
  <lesson id="wbs_22_10">
    <section type_section="IMI">Inspect Pneumatic System Components (V1)</section>
    <section type_section="IMI">Perform Leak Check (V1)</section>
    <section type_section="ILT">Adjustment of Reducing Manifold Pressure (V1)</section>
    <section type_section="ILT">Missile Gas (MG) Valve Modes of Operation (V1)</section>
    <section type_section="ILT">Place Missile Gas (MG) Reducer Online/Offline (V1)</section>
    <section type_section="ILT">Manual Operation and Adjustment of Supply and Vent Valves (V1)</section>
    <section type_section="IMI">SWS Leak Checks (V1)</section>
    <section type_section="IMI">Charge Hydraulic Desurgers/Desurger Charging Flasks (V1)</section>
    <section type_section="IMI">Clean and Inspect Pneumatic System Components (V1)</section>
  </lesson>
  <lesson id="wbs_32_1">
    <section type_section="IMI">Missile Jettison Considerations (V1)</section>
    <section type_section="ILT">Required Actions for All Missile Emergency Scenarios as Launcher (LCHR) (V1)</section>
    <section type_section="ILT">Perform Missile Jettison Actions as Launcher (LCHR) (V1)</section>
  </lesson>
  <lesson id="wbs_22.15">
    <section type_section="IMI">Fault Indication Index/Fault Isolation Tree (FII/FIT) (V1)</section>
    <section type_section="ILT">Utilization of Troubleshooting Documentation (V1)</section>
    <section type_section="ILT">Removal and Replacement of Fuses (V1)</section>
    <section type_section="IMI">The Troubleshooting Process (V1)</section>
  </lesson>
  <lesson id="wbs_11.13">
    <section type_section="IMI">General Knowledge of Missile Tube Hydraulics (HML) (V1)</section>
    <section type_section="IMI">General Knowledge of Missile Gas (MG) (V1)</section>
    <section type_section="IMI">General Knowledge of Missile Tube Heating and Cooling (MHC) (V1)</section>
    <section type_section="IMI">General Knowledge of Missile tube Dehumidification and Drying (MDD) (V1)</section>
  </lesson>
  <lesson id="wbs_51_01">
    <section type_section="IMI">Quick Look Messages (V1)</section>
    <section type_section="ILT">Manage Brief Content and Quality (V1)</section>
    <section type_section="ILT">Manage Resources (V1)</section>
  </lesson>
  <lesson id="wbs_22.02">
    <section type_section="ILT">Preparation of Work Logs (V1)</section>
    <section type_section="IMI">Organization and Content of the Missile Service Logs (V1)</section>
    <section type_section="IMI">Intermittent Failure Logs (FIFL and G/MIFL) (V1)</section>
    <section type_section="IMI">Logging Requirements for Troubleshooting (V1)</section>
  </lesson>
  <lesson id="wbs_11_08">
    <section type_section="IMI">Strategic Weapon System Documentation (V1)</section>
    <section type_section="IMI">Purpose and Organization of Strategic Weapon System (SWS) Documentation (V1)</section>
    <section type_section="IMI">Procedural Methodology (V1)</section>
    <section type_section="ILT">User Access System (UAS) (V1)</section>
    <section type_section="ILT">Advanced Technical Information Support (ATIS) (V1)</section>
    <section type_section="ILT">Change Entry and Verification for Paper Based Documentation (V1)</section>
  </lesson>
  <lesson id="wbs_21_06">
    <section type_section="IMI">Fire Control Problem (V1)</section>
    <section type_section="IMI">In-Port Missile Testing (V1)</section>
    <section type_section="IMI">General Knowledge of Tide Height and Ship's Depth Readings (V1)</section>
    <section type_section="IMI">Fuze Set Test (V1)</section>
    <section type_section="IMI">Perform Fuze Set Test (V1)</section>
    <section type_section="IMI">Azimuth Measurement Test (V1)</section>
    <section type_section="IMI">Guidance Correction Coefficient (GCC) Data (V1)</section>
  </lesson>
  <lesson id="wbs_31_10">
    <section type_section="IMI">Power Buffer Replacement (V1)</section>
    <section type_section="IMI">Power Supply Replacement (V1)</section>
  </lesson>
  <lesson id="wbs_32.01">
    <section type_section="IMI">Missile Jettison Considerations (V1)</section>
    <section type_section="ILT">Required Actions for All Missile Emergency Scenarios as Launcher (LCHR) (V1)</section>
    <section type_section="ILT">Perform Missile Jettison Actions as Launcher (LCHR) (V1)</section>
  </lesson>
  <lesson id="wbs_22_07">
    <section type_section="IMI">Umbilical Retractor Group (V1)</section>
    <section type_section="IMI">Umbilical Operations Tools and Equipment (V1)</section>
    <section type_section="ILT">Mate/Demate Umbilical (V1)</section>
    <section type_section="ILT">Install/Remove Umbilical (V1)</section>
    <section type_section="ILT">Install/Remove Umbilical Retract Mechanism (V1)</section>
  </lesson>
  <lesson id="wbs_11_21">
    <section type_section="IMI">Greasing Principles of the Strategic Weapon System (SWS) (V1)</section>
    <section type_section="IMI">Prepare the Grease Pump for Use (V1)</section>
  </lesson>
  <lesson id="wbs_21_08">
    <section type_section="IMI">Functional and Interface Knowledge of Missile Heating and Cooling (V1)</section>
    <section type_section="IMI">Missile Heating and Cooling (MHC) Modes of Operation (V1)</section>
    <section type_section="IMI">Filling and Pressurization/Venting of the Missile Tube Heating and Cooling (MHC) Expansion Tank (V1)</section>
    <section type_section="IMI">Header Adjustment Utilizing Proportional Valves (V1)</section>
    <section type_section="IMI">Shifting of Missile Tube Heating and Cooling (MHC) Water Heaters (V1)</section>
    <section type_section="IMI">Verify Proper Operation of Missile Heating and Cooling (MHC) Water Heaters (V1)</section>
    <section type_section="IMI">Placing of Fifth Element Online (V1)</section>
    <section type_section="IMI">Missile Tube Heating and Cooling (MHC) Proportional Valves Adjustment (V1)</section>
  </lesson>
  <lesson id="wbs_32.15">
    <section type_section="ILT">NO TRAIN Functional and Interface Knowledge of the Fire Control System (FCS) (V1)</section>
    <section type_section="IMI">Fire Control Diagnostic Tests (V1)</section>
    <section type_section="ILT">Perform Fire Control Diagnostic Tests (V1)</section>
  </lesson>
  <lesson id="wbs_11_09">
    <section type_section="IMI">Logkeeping (V1)</section>
    <section type_section="IMI">Preventive Maintenance Management Program (PMMP) and Preventive Maintenance System (PMS) Systems (V1)</section>
    <section type_section="IMI">Interpretation of Preventatiive Maintenance and Management Plan (PMMP) Program Job (V1)</section>
    <section type_section="IMI">Documentation of Preventative Maintenance and Management Plan (PMMP) Program Actions (V1)</section>
    <section type_section="IMI">The Alteration/Installation (A/I) Program (V1)</section>
  </lesson>
  <lesson id="wbs_21_12">
    <section type_section="IMI">Pressure Reducing Valves (V1)</section>
    <section type_section="IMI">Charge Nitrogen (N2) Bottle (V1)</section>
    <section type_section="ILT">Power Subsystem (PWRSS) and Preset Power Subsystem (PPSS) (V1)</section>
    <section type_section="IMI">Display and Control Subsystem (DCSS) (V1)</section>
    <section type_section="IMI">Data Entry Subsystem (DESS) (V1)</section>
    <section type_section="IMI">Computer Operator Interface Subsystem (COISS) and Mass Memory Subsystem (MMSS) (V1)</section>
    <section type_section="IMI">Navigation and Missile Test and Readiness Equipment (MTRE) Interface Subsystem (NMISS) (V1)</section>
    <section type_section="IMI">Monitor and Power Subsystem (MAPS) (V1)</section>
    <section type_section="IMI">Tube Interface Box Subsystem (TIBSS) (V1)</section>
    <section type_section="IMI">Control and Monitoring Panel (CAMP) (V1)</section>
    <section type_section="IMI">Functional and Interface Knowledge of the Launch Tube Network Center (LNC) (V1)</section>
    <section type_section="ILT">General Knowledge of Fire Control System (FCS) Casualty Procedures (V1)</section>
    <section type_section="ILT">Perform Basic Operation of the Fire Control System (FCS) (V1)</section>
    <section type_section="ILT">Perform SSBN Countdown Operations as a Computer Operator (V1)</section>
    <section type_section="ILT">Countdown Operations of the Fire Control System (FCS) (V1)</section>
    <section type_section="ILT">Fire Control Power Isolation and Restoration (V1)</section>
  </lesson>
  <lesson id="wbs_11_17">
    <section type_section="IMI">Handling Equipment Common to All Packages (V1)</section>
    <section type_section="IMI">Missile Onloading Prism Unit (MOPU) (V1)</section>
    <section type_section="IMI">Guidance Handling Equipment (V1)</section>
    <section type_section="IMI">Spare Guidance Interface Box (SGIB) and Spare Cabinet Test-In-Place (SCTIP) (V1)</section>
    <section type_section="IMI">Guidance Temperature Monitor (GTM) (V1)</section>
    <section type_section="IMI">Purging of Guidance Cooling Water with Low Pressure Air (V1)</section>
    <section type_section="ILT">Install/Remove Missile Inverter (V1)</section>
    <section type_section="ILT">Install/Remove Inertial Measurement Unit (IMU) (V1)</section>
    <section type_section="ILT">Install/Remove Missile Onloading Prism Unit (MOPU) (V1)</section>
    <section type_section="ILT">Install/Remove Electronics Assembly (EA) (V1)</section>
  </lesson>
  <lesson id="wbs_21_13">
    <section type_section="IMI">Charge Hydraulic Desurgers/Desurger Charging Flasks (V1)</section>
  </lesson>
  <lesson id="wbs_11_13">
    <section type_section="IMI">General Knowledge of Missile Tube Hydraulics (HML) (V1)</section>
    <section type_section="IMI">General Knowledge of Missile Gas (MG) (V1)</section>
    <section type_section="IMI">General Knowledge of Missile Tube Heating and Cooling (MHC) (V1)</section>
    <section type_section="IMI">General Knowledge of Missile tube Dehumidification and Drying (MDD) (V1)</section>
  </lesson>
  <lesson id="wbs_21_01">
    <section type_section="IMI">Functional and Interface Knowledge of the Missile Tube Hydraulics (HML) (V1)</section>
    <section type_section="LAB">NO TRAIN Trident II Missile Inspection Fundamentals (V1)</section>
    <section type_section="IMI">Trident II Missile Defect Evaluation (V1)</section>
    <section type_section="IMI">Evaluate Trident II Missile Surfaces and Coatings (V1)</section>
    <section type_section="LAB">NO TRAIN Breather Assemblies Inspection (V1)</section>
    <section type_section="LAB">NO TRAIN Desiccant Wheel Inspection (V1)</section>
    <section type_section="LAB">NO TRAIN Inspection of Ground Straps Inspection (V1)</section>
    <section type_section="LAB">NO TRAIN Electrical Cables (V1)</section>
    <section type_section="LAB">NO TRAIN Various Corrosion Inspections (V1)</section>
    <section type_section="LAB">NO TRAIN Inspection of Painted and Coated Surfaces (V1)</section>
    <section type_section="IMI">Evaluate Trident II Missile Components and Packages (V1)</section>
    <section type_section="IMI">Evaluate Trident II Missile Cables, Linear Ordnance System and Connectors (V1)</section>
    <section type_section="IMI">Evaluate Trident II Missile Leakage (V1)</section>
    <section type_section="IMI">Valve Operation and Identification (V1)</section>
    <section type_section="ILT">Operate Hydraulic System Components (V1)</section>
    <section type_section="ILT">Operate Pneumatically Controlled Valves (V1)</section>
    <section type_section="ILT">Operate Manually Controlled Valves (V1)</section>
    <section type_section="IMI">Functional and Interface Knowledge of Missile Gas (MG) (V1)</section>
  </lesson>
  <lesson id="wbs_11_09_">
    <section type_section="IMI">Logkeeping (V1)</section>
    <section type_section="IMI">Preventive Maintenance Management Program (PMMP) and Preventive Maintenance System (PMS) Systems (V1)</section>
    <section type_section="IMI">Interpretation of Preventatiive Maintenance and Management Plan (PMMP) Program Job (V1)</section>
    <section type_section="IMI">Documentation of Preventative Maintenance and Management Plan (PMMP) Program Actions (V1)</section>
    <section type_section="IMI">The Alteration/Installation (A/I) Program (V1)</section>
  </lesson>
  <lesson id="wbs_22_12">
    <section type_section="ILT">Power Subsystem (PWRSS) and Preset Power Subsystem (PPSS) (V1)</section>
    <section type_section="IMI">Display and Control Subsystem (DCSS) (V1)</section>
    <section type_section="IMI">Data Entry Subsystem (DESS) (V1)</section>
    <section type_section="IMI">Computer Operator Interface Subsystem (COISS) and Mass Memory Subsystem (MMSS) (V1)</section>
    <section type_section="IMI">Navigation and Missile Test and Readiness Equipment (MTRE) Interface Subsystem (NMISS) (V1)</section>
    <section type_section="IMI">Monitor and Power Subsystem (MAPS) (V1)</section>
    <section type_section="IMI">Tube Interface Box Subsystem (TIBSS) (V1)</section>
    <section type_section="IMI">Control and Monitoring Panel (CAMP) (V1)</section>
    <section type_section="IMI">Functional and Interface Knowledge of the Launch Tube Network Center (LNC) (V1)</section>
    <section type_section="ILT">General Knowledge of Fire Control System (FCS) Casualty Procedures (V1)</section>
    <section type_section="ILT">Perform Basic Operation of the Fire Control System (FCS) (V1)</section>
    <section type_section="ILT">Perform SSBN Countdown Operations as a Computer Operator (V1)</section>
    <section type_section="ILT">Countdown Operations of the Fire Control System (FCS) (V1)</section>
    <section type_section="ILT">Fire Control Power Isolation and Restoration (V1)</section>
  </lesson>
  <lesson id="wbs_32.17">
    <section type_section="IMI">Missile Interface (V1)</section>
    <section type_section="IMI">General Knowledge of Missile Test and Readiness Equipment (MTRE) and Missile Remote Display Assembly (MRDA) (V1)</section>
    <section type_section="IMI">Functional  and Interface Knowledge of Missile Test and Readiness Equipment (MTRE) and Missile Remote Display Assembly (MRDA) (V1)</section>
    <section type_section="IMI">Confirmation, Verification, and Replacement Testing (V1)</section>
    <section type_section="IMI">Unreadiness and Downtime (V1)</section>
  </lesson>
  <lesson id="wbs_11.08">
    <section type_section="IMI">Strategic Weapon System Documentation (V1)</section>
    <section type_section="IMI">Purpose and Organization of Strategic Weapon System (SWS) Documentation (V1)</section>
    <section type_section="IMI">Procedural Methodology (V1)</section>
    <section type_section="ILT">User Access System (UAS) (V1)</section>
    <section type_section="ILT">Advanced Technical Information Support (ATIS) (V1)</section>
    <section type_section="ILT">Change Entry and Verification for Paper Based Documentation (V1)</section>
  </lesson>
  <lesson id="testing">
    <section type_section="ILT">Strategic Weapon System Documentation (V1)</section>
    <section type_section="ILT">Purpose and Organization of Strategic Weapon System (SWS) Documentation (V1)</section>
    <section type_section="ILT">Procedural Methodology (V1)</section>
    <section type_section="ILT">User Access System (UAS) (V1)</section>
    <section type_section="ILT">Advanced Technical Information Support (ATIS) (V1)</section>
    <section type_section="ILT">Change Entry and Verification for Paper Based Documentation (V1)</section>
  </lesson>
  <lesson id="wbs_21_04">
    <section type_section="IMI">Fire Control System (FCS) (V1)</section>
    <section type_section="IMI">D-5 Firing Circuit (V1)</section>
  </lesson>
  <lesson id="wbs_22_15">
    <section type_section="IMI">The Troubleshooting Process (V1)</section>
    <section type_section="IMI">Fault Indication Index/Fault Isolation Tree (FII/FIT) (V1)</section>
    <section type_section="ILT">Utilization of Troubleshooting Documentation (V1)</section>
    <section type_section="ILT">Removal and Replacement of Fuses (V1)</section>
  </lesson>
  <lesson id="wbs_22_02">
    <section type_section="ILT">Preparation and Use Electronic Work Logs (V1)</section>
    <section type_section="IMI">Organization and Content of the Missile Service Logs (V1)</section>
    <section type_section="IMI">Intermittent Failure Logs (FIFL and G/MIFL) (V1)</section>
    <section type_section="IMI">Logging Requirements for Troubleshooting (V1)</section>
  </lesson>
  <lesson id="wbs_22_14">
    <section type_section="IMI">Data Operations (V1)</section>
    <section type_section="ILT">Data Entry (V1)</section>
    <section type_section="IMI">Leap Second Adjustment (V1)</section>
    <section type_section="IMI">Fire Control Automatic Data Collection (V1)</section>
  </lesson>
  <lesson id="wbs_31_05">
    <section type_section="IMI">Operation of the Guidance Temperature Monitor (V1)</section>
    <section type_section="IMI">Battery Simulating Cable and Ignition Inverter Simulator (V1)</section>
    <section type_section="IMI">Specific Safety Precautions for Activated Battery (V1)</section>
    <section type_section="IMI">Missile Onloading Prism Unit (MOPU) (V1)</section>
    <section type_section="IMI">Operation of the Hydraulic Fluid Supply Equipment (V1)</section>
    <section type_section="IMI">Functional and Interface Knowledge of the Umbilical Retractor Group (V1)</section>
  </lesson>
  <lesson id="wbs_11_16">
    <section type_section="IMI">Trident II Missile (V1)</section>
    <section type_section="IMI">Missile Electrical Connectors (V1)</section>
    <section type_section="IMI">Missile Equipment Section Component Locations and Orientation (V1)</section>
    <section type_section="IMI">Below Decks Missile Entry Equipment (V1)</section>
    <section type_section="IMI">Missile Muzzle Hatch Parts (V1)</section>
    <section type_section="IMI">Topside Missile Entry Equipment (V1)</section>
    <section type_section="IMI">Safety Precautions for Missile Entry (V1)</section>
    <section type_section="IMI">Two-Person Rule (V1)</section>
    <section type_section="ILT">Equipment Section Entry (Team Member) (V1)</section>
    <section type_section="ILT">Muzzle Hatch Operations (Team Member) (V1)</section>
    <section type_section="ILT">Manual Override of Missile Muzzle Hatch (Team Member) (V1)</section>
  </lesson>
  <lesson id="wbs_32_11">
    <section type_section="ILT">Heater Elements Replacement (V1)</section>
    <section type_section="ILT">Fan Assemblies Replacement (V1)</section>
    <section type_section="ILT">Circuit Breaker Replacement (V1)</section>
    <section type_section="ILT">Fuseholder Replacement (V1)</section>
    <section type_section="IMI">Liquid Level Detector Replacement (V1)</section>
  </lesson>
  <lesson id="wbs_11_18">
    <section type_section="IMI">Ordnance Hazards (V1)</section>
    <section type_section="IMI">General Knowledge of Launch Tube Closure Group (V1)</section>
    <section type_section="IMI">General Knowledge of Detonator Power Distribution System (V1)</section>
    <section type_section="IMI">Conventional Weapons Handling Team Members (V1)</section>
    <section type_section="ILT">Launch Tube Closure Detonator Installation and Removal (V1)</section>
  </lesson>
  <lesson id="wbs_11_11">
    <section type_section="IMI">General Knowledge of Weapons Power (V1)</section>
    <section type_section="IMI">Functional and Interface Knowledge of Weapons Power (V1)</section>
    <section type_section="IMI">General Knowledge of Power Subsystem (PWRSS) (V1)</section>
    <section type_section="IMI">Functional Knowledge of Power Subsystem (V1)</section>
    <section type_section="IMI">Isolate and Restore Power to the Fire Control Equipment in the Missile Compartment (V1)</section>
    <section type_section="IMI">Isolation and Restoration of SWSS Equipment, EAFW Pumps, and Fans in the Missile Compartment (MC) (V1)</section>
    <section type_section="IMI">Missile Power Configurations (V1)</section>
    <section type_section="IMI">Low Voltage Direct Current (LVDC) Rectifier Shift (V1)</section>
  </lesson>
  <lesson id="wbs_11_20">
    <section type_section="IMI">Safety Precautions Taken for Welding/Brazing Work in the Missile Compartment (V1)</section>
    <section type_section="IMI">Submarine Hazardous Material Control (V1)</section>
    <section type_section="ILT">Safety Precautions for Moving Equipment (V1)</section>
    <section type_section="IMI">Equipment Locations and Storage (V1)</section>
    <section type_section="IMI">Air Filters (V1)</section>
    <section type_section="IMI">Maintenance Platform Operations (V1)</section>
    <section type_section="IMI">Inspect, Clean, and Replace Ventilation Filters (V1)</section>
    <section type_section="IMI">Clean and Inspect Mechanical Components (V1)</section>
  </lesson>
  <lesson id="wbs_22_08">
    <section type_section="ILT">Missile Receipt Inspection (V1)</section>
    <section type_section="ILT">Missile Closeout Inspection (V1)</section>
    <section type_section="ILT">Missile Transfer Inspection (V1)</section>
  </lesson>
  <lesson id="iltc1v1">
    <section type_section="ILT">General and Functional Knowledge of Nuclear Weapons Safety Rules</section>
    <section type_section="ILT">Identification of Nuclear Weapons Security Violations</section>
    <section type_section="ILT">Actions for Nuclear Weapons Security Violation</section>
  </lesson>
  <lesson id="iltc1v2">
    <section type_section="ILT">General and Functional Knowledge of Nuclear Weapons Safety Rules</section>
    <section type_section="ILT">Identification of Nuclear Weapons Security Violations</section>
    <section type_section="ILT">Actions for Nuclear Weapons Security Violation</section>
  </lesson>
  <lesson id="ILTC1V2">
    <section type_section="ILT">General and Functional Knowledge of Nuclear Weapons Safety Rules</section>
  </lesson>
  <lesson id="iltc1v5">
    <section type_section="ILT">General and Functional Knowledge of Nuclear Weapons Safety Rules</section>
    <section type_section="ILT">General and Functional Knowledge of Nuclear Weapons Safety Standards</section>
    <section type_section="ILT">Identification of Nuclear Weapons Security Violations</section>
    <section type_section="ILT">Actions for Nuclear Weapons Security Violation</section>
  </lesson>
  <lesson id="iltc1v3">
    <section type_section="ILT">General and Functional Knowledge of Nuclear Weapons Safety Rules</section>
    <section type_section="ILT">Identification of Nuclear Weapons Security Violations</section>
    <section type_section="ILT">Actions for Nuclear Weapons Security Violation</section>
  </lesson>
  <lesson id="iltc1v4">
    <section type_section="ILT">General and Functional Knowledge of Nuclear Weapons Safety Rules</section>
    <section type_section="ILT">General and Functional Knowledge of Nuclear Weapons Safety Standards</section>
    <section type_section="ILT">Identification of Nuclear Weapons Security Violations</section>
    <section type_section="ILT">Actions for Nuclear Weapons Security Violation</section>
  </lesson>
  <lesson id="imiv1">
    <section type_section="ILT">General and Functional Knowledge of Media Storage Formats/Devices (Disk Drive Unit (DDU), Optical Disk Cartridge (ODC)) and the Type of Data Provided On Each</section>
    <section type_section="ILT">Assist in the Performance of Optical Disk Cartridge (ODC) Receipt, Transfer, and Verification Procedures</section>
    <section type_section="ILT">Purpose and Organization of Strategic Weapons System (SWS) Documentation</section>
    <section type_section="ILT">Procedural Methodology</section>
  </lesson>
  <lesson id="wbs_11.17">
    <section type_section="ILT">Handling Equipment Common to All Packages</section>
    <section type_section="ILT">Missile Onloading Prism Unit (MOPU)</section>
    <section type_section="ILT">Guidance Handling Equipment</section>
    <section type_section="ILT">Spare Guidance Interface Box (SGIB) and Spare Cabinet Test-In-Place (SCTIP)</section>
    <section type_section="ILT">Guidance Temperature Monitor (GTM)</section>
    <section type_section="ILT">Purging of Guidance Cooling Water with Low Pressure Air</section>
    <section type_section="ILT">Install/Remove Missile Inverter</section>
    <section type_section="ILT">Install/Remove Inertial Measurement Unit (IMU)</section>
    <section type_section="ILT">Install/Remove Missile Onloading Prism Unit (MOPU)</section>
    <section type_section="ILT">Install/Remove Electronics Assembly (EA)</section>
  </lesson>
  <lesson id="usecase_2">
    <section type_section="ILT">Inspect Brakes for the Humvee</section>
  </lesson>
  <lesson id="ilt_test_course_with_ietms__ver_1_scorm">
    <section type_section="ILT">Accept Approval Test</section>
    <section type_section="ILT">Accept Approval Test (V1)</section>
  </lesson>
  <lesson id="three_lesson_course">
    <section type_section="ILT">General and Functional Knowledge of Nuclear Weapons Safety Rules</section>
    <section type_section="ILT">General and Functional Knowledge of Nuclear Weapons Safety Standards</section>
    <section type_section="ILT">General and Functional Knowledge of the Personnel Reliability Program (PRP)</section>
    <section type_section="ILT">General and Functional Knowledge of the Application and Use of Deadly Force</section>
    <section type_section="ILT">Use of Security Force Small Arms and Protective Equipment</section>
    <section type_section="ILT">Individual Chemical/Biological/Radiological (CBR) Measures Required in Event of an Attack using an Incapacitating Agent</section>
    <section type_section="ILT">General and Functional Knowledge of Duress System</section>
    <section type_section="ILT">Two-Person Control</section>
    <section type_section="ILT">General Knowledge of Sensitive Keys</section>
    <section type_section="ILT">Communication Devices and Communication Circuits</section>
    <section type_section="ILT">Use of Communication Devices and Communication Circuits</section>
    <section type_section="ILT">General Knowledge of Launch Tube Group</section>
    <section type_section="ILT">Functional and Interface Knowledge of Launch Tube Group</section>
    <section type_section="ILT">General Knowledge of Launch Tube Air Tightness Test Rationale and Background</section>
    <section type_section="ILT">Conduct Launch Tube Air Tightness Test as Team Member</section>
  </lesson>
  <lesson id="integrated_test_package_41515__ver_1_scorm_wcin">
    <section type_section="ILT">ELITE TESTING Functional and Interface Knowledge of the Fire Control System (FCS)</section>
    <section type_section="ILT">Fire Control Diagnostic Tests</section>
    <section type_section="ILT">Fire Contol Diagnostic Tests</section>
  </lesson>
  <lesson id="integrated_test_package_41515__ver_2_scorm">
    <section type_section="ILT">ELITE TESTING Functional and Interface Knowledge of the Fire Control System (FCS)</section>
    <section type_section="ILT">Fire Control Diagnostic Tests</section>
    <section type_section="ILT">Fire Contol Diagnostic Tests</section>
    <section type_section="ILT">General and Functional Knowledge of Nuclear Weapons Safety Rules</section>
    <section type_section="ILT">General and Functional Knowledge of Nuclear Weapons Safety Standards</section>
    <section type_section="ILT">General and Functional Knowledge of the Personnel Reliability Program (PRP)</section>
    <section type_section="ILT">General and Functional Knowledge of the Application and Use of Deadly Force</section>
    <section type_section="ILT">Use of Security Force Small Arms and Protective Equipment</section>
    <section type_section="ILT">Individual Chemical/Biological/Radiological (CBR) Measures Required in Event of an Attack using an Incapacitating Agent</section>
    <section type_section="ILT">General and Functional Knowledge of Duress System</section>
    <section type_section="ILT">Two-Person Control</section>
    <section type_section="ILT">General Knowledge of Sensitive Keys</section>
    <section type_section="ILT">Communication Devices and Communication Circuits</section>
    <section type_section="ILT">Use of Communication Devices and Communication Circuits</section>
    <section type_section="ILT">General Knowledge of Launch Tube Group</section>
    <section type_section="ILT">Functional and Interface Knowledge of Launch Tube Group</section>
    <section type_section="ILT">General Knowledge of Launch Tube Air Tightness Test Rationale and Background</section>
    <section type_section="ILT">Conduct Launch Tube Air Tightness Test as Team Member</section>
  </lesson>
  <lesson id="course1__ver_1_scorm">
    <section type_section="ILT">Introduction to the Missile Technician Continuum</section>
    <section type_section="ILT">General Knowledge of Electronic Training Assets</section>
    <section type_section="ILT">General Knowledge of VIPr</section>
    <section type_section="ILT">SWS Labs at TRIDENT Training Facilities (TTFs)</section>
    <section type_section="ILT">The Trident Information Bulletin (TIB)</section>
    <section type_section="ILT">Utilize Interactive Multimedia Instruction (IMI) and Learning Management System (LMS)</section>
    <section type_section="ILT">General Knowledge of the Strategic Weapon System</section>
    <section type_section="ILT">Weapons Department Organization</section>
    <section type_section="ILT">Strategic Weapon System Life Cycle</section>
    <section type_section="ILT">Nuclear Weapons Safety Rules</section>
    <section type_section="ILT">Nuclear Weapons Safety Standards</section>
    <section type_section="ILT">The Personnel Reliability Program (PRP)</section>
    <section type_section="ILT">Application and Use of Deadly Force</section>
    <section type_section="ILT">Security Force Small Arms and Protective Equipment</section>
    <section type_section="ILT">Individual Chemical/Biological/Radiological (CBR) Measures Required in Event of an Attack using an Incapacitating Agent</section>
    <section type_section="ILT">The Duress System</section>
    <section type_section="ILT">Two-Person Control</section>
    <section type_section="ILT">Sensitive Keys</section>
    <section type_section="ILT">Communication Devices and Communication Circuits</section>
    <section type_section="ILT">Use of Communication Devices and Communication Circuits</section>
    <section type_section="ILT">Guard Orders</section>
    <section type_section="ILT">Security Area Requirements</section>
    <section type_section="ILT">Commanding Officer's Entry Authorization List (CO's EAL)</section>
    <section type_section="ILT">Nuclear Weapons Security Guard (NWSG) Watch Relief Procedures</section>
    <section type_section="ILT">Establish Boundaries for Security Areas</section>
    <section type_section="ILT">Nuclear Weapons Security Area Entry</section>
    <section type_section="ILT">Identification of Nuclear Weapons Security Violations</section>
    <section type_section="ILT">Actions for Nuclear Weapons Security Violation</section>
    <section type_section="ILT">Radiation Hazards Associated with Nuclear Weapons and Stay Times</section>
    <section type_section="ILT">Actions for all Phases of a Nuclear Weapon Accident/Incident</section>
    <section type_section="ILT">Missile Emergency</section>
    <section type_section="ILT">Strategic Weapon System Documentation</section>
    <section type_section="ILT">Purpose and Organization of Strategic Weapon System (SWS) Documentation</section>
    <section type_section="ILT">Procedural Methodology</section>
    <section type_section="ILT">User Access System (UAS)</section>
    <section type_section="ILT">Advanced Technical Information Support (ATIS)</section>
    <section type_section="ILT">Change Entry and Verification for Paper Based Documentation</section>
    <section type_section="ILT">Logkeeping</section>
    <section type_section="ILT">Preventive Maintenance Management Program (PMMP) and Preventive Maintenance System (PMS) Systems</section>
    <section type_section="ILT">Interpretation of Preventatiive Maintenance and Management Plan (PMMP) Program Job</section>
    <section type_section="ILT">Documentation of Preventative Maintenance and Management Plan (PMMP) Program Actions</section>
    <section type_section="ILT">The Alteration/Installation (A/I) Program</section>
    <section type_section="ILT">Trouble and Failure Reports (TFRs)</section>
    <section type_section="ILT">Prepare Trouble and Failure Reports (TFRs)</section>
    <section type_section="ILT">General Knowledge of Weapons Power</section>
    <section type_section="ILT">Functional and Interface Knowledge of Weapons Power</section>
    <section type_section="ILT">General Knowledge of Power Subsystem (PWRSS)</section>
    <section type_section="ILT">Functional Knowledge of Power Subsystem</section>
    <section type_section="ILT">Isolate and Restore Power to the Fire Control Equipment in the Missile Compartment</section>
    <section type_section="ILT">Isolation and Restoration of SWSS Equipment, EAFW Pumps, and Fans in the Missile Compartment (MC)</section>
    <section type_section="ILT">Missile Power Configurations</section>
    <section type_section="ILT">Low Voltage Direct Current (LVDC) Rectifier Shift</section>
    <section type_section="ILT">Strategic Weapon System Conditions of Readiness</section>
    <section type_section="ILT">Identify and Report Deviations from Prescribed Conditions of Readiness</section>
    <section type_section="ILT">General Knowledge of Missile Tube Hydraulics (HML)</section>
    <section type_section="ILT">General Knowledge of Missile Gas (MG)</section>
    <section type_section="ILT">General Knowledge of Missile Tube Heating and Cooling (MHC)</section>
    <section type_section="ILT">General Knowledge of Missile tube Dehumidification and Drying (MDD)</section>
    <section type_section="ILT">Valve Operation and Identification</section>
    <section type_section="ILT">Operate Hydraulic System Components</section>
    <section type_section="ILT">Operate Pneumatically Controlled Valves</section>
    <section type_section="ILT">Operate Manually Controlled Valves</section>
    <section type_section="ILT">Functional and Interface Knowledge of Missile Gas (MG)</section>
    <section type_section="ILT">General Knowledge of the Missile Tube</section>
    <section type_section="ILT">Functional and Interface Knowledge of the Missile Tube</section>
    <section type_section="ILT">General Description of Casualty Procedures (CPs)</section>
    <section type_section="ILT">Battle Stations Missile (BSM) Terminology and Interior Communication (IC) Methodologies</section>
    <section type_section="ILT">Missile Power Transfer</section>
    <section type_section="ILT">Perform Countdown Operations as Guidance</section>
    <section type_section="ILT">As a Team Member Drain the Sea Sensing Header</section>
    <section type_section="ILT">Perform Missile Power Transfer</section>
    <section type_section="ILT">Perform Countdown Operations as Tube Team Member</section>
    <section type_section="ILT">Perform Tube Casualty Immediate Actions as Tube Team Member</section>
    <section type_section="ILT">Trident II Missile</section>
    <section type_section="ILT">Missile Electrical Connectors</section>
    <section type_section="ILT">Missile Equipment Section Component Locations and Orientation</section>
    <section type_section="ILT">Below Decks Missile Entry Equipment</section>
    <section type_section="ILT">Missile Muzzle Hatch Parts</section>
    <section type_section="ILT">Topside Missile Entry Equipment</section>
    <section type_section="ILT">Safety Precautions for Missile Entry</section>
    <section type_section="ILT">Two-Person Rule</section>
    <section type_section="ILT">Equipment Section Entry (Team Member)</section>
    <section type_section="ILT">Muzzle Hatch Operations (Team Member)</section>
    <section type_section="ILT">Manual Override of Missile Muzzle Hatch (Team Member)</section>
    <section type_section="ILT">Handling Equipment Common to All Packages</section>
    <section type_section="ILT">Missile Onloading Prism Unit (MOPU)</section>
    <section type_section="ILT">Guidance Handling Equipment</section>
    <section type_section="ILT">Spare Guidance Interface Box (SGIB) and Spare Cabinet Test-In-Place (SCTIP)</section>
    <section type_section="ILT">Guidance Temperature Monitor (GTM)</section>
    <section type_section="ILT">Purging of Guidance Cooling Water with Low Pressure Air</section>
    <section type_section="ILT">Install/Remove Missile Inverter</section>
    <section type_section="ILT">Install/Remove Inertial Measurement Unit (IMU)</section>
    <section type_section="ILT">Install/Remove Missile Onloading Prism Unit (MOPU)</section>
    <section type_section="ILT">Install/Remove Electronics Assembly (EA)</section>
    <section type_section="ILT">Ordnance Hazards</section>
    <section type_section="ILT">General Knowledge of Launch Tube Closure Group</section>
    <section type_section="ILT">General Knowledge of Detonator Power Distribution System</section>
    <section type_section="ILT">Conventional Weapons Handling Team Members</section>
    <section type_section="ILT">Launch Tube Closure Detonator Installation and Removal</section>
    <section type_section="ILT">Participate as Team Member During Missile Compartment Fire Control Equipment Performance Checks</section>
    <section type_section="ILT">Safety Precautions Taken for Welding/Brazing Work in the Missile Compartment</section>
    <section type_section="ILT">Material Safety Data Sheet (MSDS) Program</section>
    <section type_section="ILT">HAZMAT Disposal Methods</section>
    <section type_section="ILT">Safety Precautions for Moving Equipment</section>
    <section type_section="ILT">Equipment Locations and Storage</section>
    <section type_section="ILT">Air Filters</section>
    <section type_section="ILT">Maintenance Platform Operations</section>
    <section type_section="ILT">Inspect, Clean, and Replace Ventilation Filters</section>
    <section type_section="ILT">Clean and Inspect Mechanical Components</section>
    <section type_section="ILT">Greasing Principles of the Strategic Weapon System (SWS)</section>
    <section type_section="ILT">Prepare the Grease Pump for Use</section>
    <section type_section="ILT">Removal/Replacement of Mechanical Components</section>
    <section type_section="ILT">Valve Repairs</section>
    <section type_section="ILT">Electronic Test Equipment</section>
    <section type_section="ILT">General Knowledge of the Replacement of Electrical Components</section>
    <section type_section="ILT">Electrical Safety Area</section>
    <section type_section="ILT">Duties and Responsibilities of Personnel Involved in Electrical Safety Area Work</section>
    <section type_section="ILT">Setup an Electrical Safety Area</section>
    <section type_section="ILT">Replacement of Electrical Components</section>
    <section type_section="ILT">Fire Control System Special Tools</section>
    <section type_section="ILT">Storage of Ready Spares</section>
    <section type_section="ILT">General Knowledge of Module Replacement</section>
    <section type_section="ILT">Assist in Module Replacement</section>
  </lesson>
  <lesson id="mtc_phase1_scorm">
    <section type_section="ILT">Introduction to the Missile Technician Continuum</section>
    <section type_section="ILT">General Knowledge of Electronic Training Assets</section>
    <section type_section="ILT">General Knowledge of VIPr</section>
    <section type_section="ILT">SWS Labs at TRIDENT Training Facilities (TTFs)</section>
    <section type_section="ILT">Utilize Interactive Multimedia Instruction (IMI) and Learning Management System (LMS)</section>
    <section type_section="ILT">The Trident Information Bulletin (TIB)</section>
    <section type_section="ILT">General Knowledge of the Strategic Weapon System</section>
    <section type_section="ILT">Weapons Department Organization</section>
    <section type_section="ILT">Strategic Weapon System Life Cycle</section>
    <section type_section="ILT">Nuclear Weapons Safety Rules</section>
    <section type_section="ILT">Nuclear Weapons Safety Standards</section>
    <section type_section="ILT">The Personnel Reliability Program (PRP)</section>
    <section type_section="ILT">Application and Use of Deadly Force</section>
    <section type_section="ILT">Security Force Small Arms and Protective Equipment</section>
    <section type_section="ILT">Individual Chemical/Biological/Radiological (CBR) Measures Required in Event of an Attack using an Incapacitating Agent</section>
    <section type_section="ILT">The Duress System</section>
    <section type_section="ILT">Two-Person Control</section>
    <section type_section="ILT">Sensitive Keys</section>
    <section type_section="ILT">Communication Devices and Communication Circuits</section>
    <section type_section="ILT">Use of Communication Devices and Communication Circuits</section>
    <section type_section="ILT">Guard Orders</section>
    <section type_section="ILT">Security Area Requirements</section>
    <section type_section="ILT">Commanding Officer's Entry Authorization List (CO's EAL)</section>
    <section type_section="ILT">Nuclear Weapons Security Guard (NWSG) Watch Relief Procedures</section>
    <section type_section="ILT">Establish Boundaries for Security Areas</section>
    <section type_section="ILT">Nuclear Weapons Security Area Entry</section>
    <section type_section="ILT">Identification of Nuclear Weapons Security Violations</section>
    <section type_section="ILT">Actions for Nuclear Weapons Security Violation</section>
    <section type_section="ILT">Radiation Hazards Associated with Nuclear Weapons and Stay Times</section>
    <section type_section="ILT">Actions for all Phases of a Nuclear Weapon Accident/Incident and Actions</section>
    <section type_section="ILT">Missile Emergency</section>
    <section type_section="ILT">Strategic Weapon System Documentation</section>
    <section type_section="ILT">Purpose and Organization of Strategic Weapon System (SWS) Documentation</section>
    <section type_section="ILT">Procedural Methodology</section>
    <section type_section="ILT">User Access System (UAS)</section>
    <section type_section="ILT">Advanced Technical Information Support (ATIS)</section>
    <section type_section="ILT">Change Entry and Verification for Paper Based Documentation</section>
    <section type_section="ILT">Log keeping</section>
    <section type_section="ILT">Preventive Maintenance Management Program (PMMP) and Preventive Maintenance System (PMS) Systems</section>
    <section type_section="ILT">Interpretation of Preventive Maintenance and Management Plan (PMMP) Job</section>
    <section type_section="ILT">Documentation of Preventative Maintenance and Management Plan (PMMP) Program Actions</section>
    <section type_section="ILT">The Alteration/Installation (A/I) Program</section>
    <section type_section="ILT">Trouble and Failure Reports (TFRs)</section>
    <section type_section="ILT">Prepare Trouble and Failure Reports (TFRs)</section>
    <section type_section="ILT">General Knowledge of Weapons Power</section>
    <section type_section="ILT">Functional and Interface Knowledge of Weapons Power</section>
    <section type_section="ILT">General Knowledge of Power Subsystem (PWRSS)</section>
    <section type_section="ILT">Functional Knowledge of Power Subsystem</section>
    <section type_section="ILT">Isolate and Restore Power to the Fire Control Equipment in the Missile Compartment</section>
    <section type_section="ILT">Isolate and Restore SWSS Equipment, EAFW Pumps, VEEP and Fans in the Missile Compartment (MC)</section>
    <section type_section="ILT">Missile Power Configurations</section>
    <section type_section="ILT">Low Voltage Direct Current (LVDC) Rectifier Shift</section>
    <section type_section="ILT">Strategic Weapon System Conditions of Readiness</section>
    <section type_section="ILT">Identify and Report Deviations from Prescribed Conditions of Readiness</section>
  </lesson>
  <lesson id="8_24_2015">
    <section type_section="ILT">Introduction to the Missile Technician Continuum</section>
    <section type_section="ILT">General Knowledge of Electronic Training Assets</section>
    <section type_section="ILT">General Knowledge of VIPr</section>
    <section type_section="ILT">SWS Labs at TRIDENT Training Facilities (TTFs)</section>
    <section type_section="ILT">Utilize Interactive Multimedia Instruction (IMI) and Learning Management System (LMS)</section>
    <section type_section="ILT">The Trident Information Bulletin (TIB)</section>
    <section type_section="ILT">General Knowledge of the Strategic Weapon System</section>
    <section type_section="ILT">Weapons Department Organization</section>
    <section type_section="ILT">Strategic Weapon System Life Cycle</section>
    <section type_section="ILT">Fire Control System Special Tools</section>
    <section type_section="ILT">Storage of Ready Spares</section>
    <section type_section="ILT">General Knowledge of Module Replacement</section>
    <section type_section="ILT">Assist in Module Replacement</section>
    <section type_section="ILT">Electronic Test Equipment</section>
    <section type_section="ILT">Replacing Electrical Components</section>
    <section type_section="ILT">Electrical Safety Area</section>
    <section type_section="ILT">Duties and Responsibilities of Personnel Involved in Electrical Safety Area Work</section>
    <section type_section="ILT">Setup an Electrical Safety Area</section>
    <section type_section="ILT">Replacement of Electrical Components</section>
    <section type_section="ILT">Greasing Principles of the Strategic Weapon System (SWS)</section>
    <section type_section="ILT">Prepare the Grease Pump for Use</section>
    <section type_section="ILT">Removal/Replacement of Mechanical Components</section>
    <section type_section="ILT">Valve Repairs</section>
    <section type_section="ILT">SWS Leak Checks</section>
    <section type_section="ILT">Log keeping</section>
    <section type_section="ILT">Preventive Maintenance Management Program (PMMP) and Preventive Maintenance System (PMS) Systems</section>
    <section type_section="ILT">Interpretation of Preventive Maintenance and Management Plan (PMMP) Job</section>
    <section type_section="ILT">Recording of Preventive Maintenance and Management Plan (PMMP) Program Actions</section>
    <section type_section="ILT">The Alteration/Installation (A/I) Program</section>
    <section type_section="ILT">The Personnel Reliability Program (PRP)</section>
    <section type_section="ILT">Application and Use of Deadly Force</section>
    <section type_section="ILT">Security Force Small Arms and Protective Equipment</section>
    <section type_section="ILT">Individual Chemical/Biological/Radiological (CBR) Measures Required in Event of an Attack using an Incapacitating Agent</section>
    <section type_section="ILT">The Duress System</section>
    <section type_section="ILT">Two-Person Control</section>
    <section type_section="ILT">Sensitive Keys</section>
    <section type_section="ILT">Communication Devices and Communication Circuits</section>
    <section type_section="ILT">Use of Communication Devices and Communication Circuits</section>
    <section type_section="ILT">Nuclear Weapons Safety Rules</section>
    <section type_section="ILT">Nuclear Weapons Safety Standards</section>
    <section type_section="ILT">Radiation Hazards Associated with Nuclear Weapons and Stay Times (V1)</section>
    <section type_section="ILT">Actions for all Phases of a Nuclear Weapon Accident/Incident and Actions (V1)</section>
    <section type_section="IMI">Missile Emergency (V1)</section>
    <section type_section="ILT">Guard Orders</section>
    <section type_section="ILT">Security Area Requirements</section>
    <section type_section="ILT">Commanding Officer's Entry Authorization List (CO's EAL)</section>
    <section type_section="ILT">Nuclear Weapons Security Guard (NWSG) Watch Relief Procedures</section>
    <section type_section="ILT">Establish Boundaries for Security Areas</section>
    <section type_section="ILT">Nuclear Weapons Security Area Entry</section>
    <section type_section="ILT">Identification of Nuclear Weapons Security Violations</section>
    <section type_section="ILT">Actions for Nuclear Weapons Security Violation</section>
  </lesson>
  <lesson id="08-25-2015">
    <section type_section="ILT">Navy Nuclear Weapons Security Plan</section>
    <section type_section="ILT">Nuclear Weapon Accident and Incident Response</section>
    <section type_section="ILT">Nuclear Weapons Safety  and Security Administration Program Documentation</section>
    <section type_section="ILT">Actions for Nuclear Weapons Security Violation</section>
    <section type_section="ILT">TDENT Program</section>
    <section type_section="ILT">Consolidated Directives Manual</section>
    <section type_section="ILT">Strategic Systems Programs Alteration (SPALT) Documentation</section>
    <section type_section="ILT">Shipboard Alteration Accomplishment</section>
    <section type_section="ILT">Preventive Maintenance System (PMS)</section>
    <section type_section="ILT">Preventive Maintenance Management Plan (PMMP) Administration</section>
    <section type_section="ILT">Evaluate Procedural Discipline</section>
    <section type_section="ILT">Manage Fire Control Software Updates</section>
    <section type_section="ILT">Manage Leap Second Adjustment</section>
    <section type_section="ILT">Plan Weapons System Pre-Deployment Training Periods</section>
    <section type_section="ILT">Plan Weapon System Availabilities</section>
    <section type_section="ILT">Use PSRs, PGs, SOPs, PMMP, and CSMP to Deconflict Maintenance</section>
    <section type_section="ILT">Plan Strategic Weapon System Patrols</section>
    <section type_section="ILT">NO TRAIN Common Electrical Faults and Their Effects</section>
    <section type_section="ILT">NO TRAIN- Joint Fleet Maintenance Manual (JFMM) Information and Safety of Ship Maintenance Item List (SOSMIL)</section>
    <section type_section="ILT">Demonstration and Shakedown Operation (DASO) Operations</section>
    <section type_section="ILT">Functional Knowledge of Shipyard Operations</section>
    <section type_section="ILT">Commander-in-Chief (CINC) Evaluation Test (CET) Operations</section>
    <section type_section="ILT">Effect of Ship's Condition on Strategic Weapons System Readiness</section>
    <section type_section="ILT">Principles of Strategic Weapons System Operations (PSWSO) Readiness Requirements</section>
    <section type_section="ILT">Magnetic Silencing Facility (MSF) Operations</section>
    <section type_section="ILT">Requirements for Welding and Brazing</section>
    <section type_section="ILT">Required Actions for All Missile Emergency Scenarios as Launcher (LCHR)</section>
    <section type_section="ILT">Functional  and Interface Knowledge of Missile Test and Readiness Equipment (MTRE) and Missile Remote Display Assembly (MRDA)</section>
    <section type_section="ILT">Manual Troubleshooting Resources</section>
    <section type_section="ILT">Manual TS Requirements</section>
    <section type_section="ILT">Manual Troubleshooting Plan Development</section>
    <section type_section="ILT">Training Countdown Evaluation</section>
  </lesson>
  <lesson id="phase3_v1-8-31-15">
    <section type_section="ILT">Joint Fleet Maintenance Manual (JFMM)</section>
    <section type_section="ILT">Power Buffer Replacement</section>
    <section type_section="ILT">Power Supply Replacement</section>
    <section type_section="ILT">Security and Ventilation Alarm Monitoring Panel (SVAMP)</section>
    <section type_section="ILT">Security and Ventilation Alarm Monitoring Panel (SVAMP) Maintenance</section>
    <section type_section="ILT">Upkeep Planning Documentation</section>
    <section type_section="ILT">Maintenance Application Function</section>
    <section type_section="ILT">Production Status Report (PSR)</section>
    <section type_section="ILT">Basic Shipyard Operations</section>
    <section type_section="ILT">System Limitations Affecting Maintenance Planning</section>
    <section type_section="ILT">Strategic Weapons System  Maintenance Policies</section>
    <section type_section="ILT">Module Replacement Rules</section>
    <section type_section="ILT">Pin and Electrical Cable Connector Locating Procedures</section>
    <section type_section="ILT">Special TRIDENT II Missile Continuity Measurement Considerations</section>
    <section type_section="ILT">Charging Nitrogen Banks</section>
    <section type_section="ILT">Organization and Use of Missile Service Logs</section>
    <section type_section="ILT">Maintain Missile Service Logs</section>
    <section type_section="ILT">NO TRAIN Trident II Missile Inspection Fundamentals</section>
    <section type_section="ILT">Trident II Missile Defect Evaluation</section>
    <section type_section="ILT">Evaluate Trident II Missile Surfaces and Coatings</section>
    <section type_section="ILT">Evaluate Trident II Missile Leakage</section>
    <section type_section="ILT">Evaluate Trident II Missile Cables, Linear Ordnance System and Connectors</section>
    <section type_section="ILT">Evaluate Trident II Missile Components and Packages</section>
    <section type_section="ILT">NO TRAIN Inspection of Painted and Coated Surfaces</section>
    <section type_section="ILT">NO TRAIN Various Corrosion Inspections</section>
    <section type_section="ILT">NO TRAIN Electrical Cables</section>
    <section type_section="ILT">NO TRAIN Inspection of Ground Straps Inspection</section>
    <section type_section="ILT">NO TRAIN Desiccant Wheel Inspection</section>
    <section type_section="ILT">NO TRAIN Breather Assemblies Inspection</section>
  </lesson>
  <lesson id="itp_no_err">
    <section type_section="ILT">General and Functional Knowledge of Nuclear Weapons Safety Rules</section>
    <section type_section="ILT">General and Functional Knowledge of Nuclear Weapons Safety Standards</section>
    <section type_section="ILT">General Knowledge of Launch Tube Group</section>
    <section type_section="ILT">Functional and Interface Knowledge of Launch Tube Group</section>
    <section type_section="ILT">General Knowledge of Launch Tube Air Tightness Test Rationale and Background</section>
    <section type_section="ILT">Conduct Launch Tube Air Tightness Test as Team Member</section>
  </lesson>
  <lesson id="3lsn">
    <section type_section="ILT">General and Functional Knowledge of the Personnel Reliability Program (PRP)</section>
    <section type_section="ILT">General and Functional Knowledge of the Application and Use of Deadly Force</section>
    <section type_section="ILT">Use of Security Force Small Arms and Protective Equipment</section>
    <section type_section="ILT">Individual Chemical/Biological/Radiological (CBR) Measures Required in Event of an Attack using an Incapacitating Agent</section>
    <section type_section="ILT">General and Functional Knowledge of Duress System</section>
    <section type_section="ILT">Two-Person Control</section>
    <section type_section="ILT">General Knowledge of Sensitive Keys</section>
    <section type_section="ILT">Communication Devices and Communication Circuits</section>
    <section type_section="ILT">Use of Communication Devices and Communication Circuits</section>
    <section type_section="ILT">General Knowledge of Launch Tube Group</section>
    <section type_section="ILT">Functional and Interface Knowledge of Launch Tube Group</section>
    <section type_section="ILT">General Knowledge of Launch Tube Air Tightness Test Rationale and Background</section>
    <section type_section="ILT">Conduct Launch Tube Air Tightness Test as Team Member</section>
    <section type_section="ILT">ELITE TESTING Functional and Interface Knowledge of the Fire Control</section>
    <section type_section="ILT">Fire Control Diagnostic Tests</section>
    <section type_section="ILT">Fire Contol Diagnostic Tests</section>
    <section type_section="ILT">Section to test VIPr Assessment</section>
  </lesson>
  <lesson id="test_pck_9_24">
    <section type_section="ILT">General and Functional Knowledge of Nuclear Weapons Safety Rules</section>
    <section type_section="ILT">General and Functional Knowledge of Nuclear Weapons Safety Standards</section>
    <section type_section="ILT">General and Functional Knowledge of the Personnel Reliability Program (PRP)</section>
    <section type_section="ILT">General and Functional Knowledge of the Application and Use of Deadly Force</section>
    <section type_section="ILT">Use of Security Force Small Arms and Protective Equipment</section>
    <section type_section="ILT">Individual Chemical/Biological/Radiological (CBR) Measures Required in Event of an Attack using an Incapacitating Agent</section>
    <section type_section="ILT">General and Functional Knowledge of Duress System</section>
    <section type_section="ILT">Two-Person Control</section>
    <section type_section="ILT">General Knowledge of Sensitive Keys</section>
    <section type_section="ILT">Communication Devices and Communication Circuits</section>
    <section type_section="ILT">Use of Communication Devices and Communication Circuits</section>
    <section type_section="ILT">General Knowledge of Launch Tube Group</section>
    <section type_section="ILT">Functional and Interface Knowledge of Launch Tube Group</section>
    <section type_section="ILT">General Knowledge of Launch Tube Air Tightness Test Rationale and Background</section>
    <section type_section="ILT">Conduct Launch Tube Air Tightness Test as Team Member</section>
    <section type_section="ILT">ELITE TESTING Functional and Interface Knowledge of the Fire Control</section>
    <section type_section="ILT">Fire Control Diagnostic Tests</section>
    <section type_section="ILT">Fire Contol Diagnostic Tests</section>
    <section type_section="ILT">Section to test VIPr Assessment</section>
  </lesson>
  <lesson id="phase_2b_block1">
    <section type_section="ILT">AN/PDR-73 Monitoring Requirements</section>
    <section type_section="ILT">AN/PDR-73</section>
    <section type_section="ILT">AN/PDR-73 Startup and Shutdown</section>
    <section type_section="ILT">Preparation and Use of Electronic Work Logs</section>
    <section type_section="ILT">Organization and Content of the Missile Service Logs</section>
    <section type_section="ILT">Intermittent Failure Logs (FIFL and G/MIFL)</section>
    <section type_section="ILT">Logging Requirements for Troubleshooting</section>
    <section type_section="ILT">General Knowledge of Missile Jettison Consideration</section>
    <section type_section="ILT">Perform Missile Jettison</section>
    <section type_section="IMI">AN/PDR-73 Monitoring Requirements (V1)</section>
    <section type_section="IMI">AN/PDR-73 (V1)</section>
    <section type_section="ILT">AN/PDR-73 Startup and Shutdown (V1)</section>
  </lesson>
  <lesson id="phase_2b_block1_t2">
    <section type_section="ILT">General Knowledge of Missile Jettison Consideration</section>
    <section type_section="ILT">Perform Missile Jettison</section>
    <section type_section="ILT">Preparation and Use of Electronic Work Logs</section>
    <section type_section="ILT">Organization and Content of the Missile Service Logs</section>
    <section type_section="ILT">Intermittent Failure Logs (FIFL and G/MIFL)</section>
    <section type_section="ILT">Logging Requirements for Troubleshooting</section>
    <section type_section="ILT">AN/PDR-73 Monitoring Requirements</section>
    <section type_section="ILT">AN/PDR-73</section>
    <section type_section="ILT">AN/PDR-73 Startup and Shutdown</section>
  </lesson>
  <lesson id="phase_2b_block1_t3">
    <section type_section="ILT">General Knowledge of Missile Jettison Consideration</section>
    <section type_section="ILT">Perform Missile Jettison</section>
    <section type_section="ILT">Preparation and Use of Electronic Work Logs</section>
    <section type_section="ILT">Organization and Content of the Missile Service Logs</section>
    <section type_section="ILT">Intermittent Failure Logs (FIFL and G/MIFL)</section>
    <section type_section="ILT">Logging Requirements for Troubleshooting</section>
    <section type_section="ILT">AN/PDR-73 Monitoring Requirements</section>
    <section type_section="ILT">AN/PDR-73</section>
    <section type_section="ILT">AN/PDR-73 Startup and Shutdown</section>
  </lesson>
  <lesson id="swsnorv1">
    <section type_section="ILT">Nuclear Weapons Safety Standards</section>
    <section type_section="ILT">Nuclear Weapons Safety Rules</section>
    <section type_section="ILT">Nuclear Weapons Safety Officer (NSO)</section>
    <section type_section="ILT">Nuclear Weapons Safety Council</section>
    <section type_section="ILT">Nuclear Weapons Accident/Incident</section>
    <section type_section="ILT">Nuclear Weapons Required Reading Program</section>
    <section type_section="ILT">Nuclear Weapons Radiological Controls Program</section>
    <section type_section="ILT">Nuclear Weapons Radiological Controls Officer (NWRCO)</section>
  </lesson>
  <lesson id="new_missile_technician_continuum_phase_2b_block_4___operator_advanced_theory__ver_1_scorm">
    <section type_section="ILT">Targeting Concepts</section>
    <section type_section="ILT">Targeting Development Process</section>
  </lesson>
  <lesson id="rw_test">
    <section type_section="ILT">Targeting Concepts</section>
    <section type_section="ILT">Targeting Development Process</section>
    <section type_section="ILT">Data Operations</section>
    <section type_section="ILT">Data Entry</section>
    <section type_section="ILT">Leap Second Adjustment</section>
    <section type_section="ILT">Fire Control Automatic Data Collection</section>
    <section type_section="ILT">The Troubleshooting Process</section>
    <section type_section="ILT">Fault Indication Index/Fault Isolation Tree (FII/FIT)</section>
    <section type_section="ILT">Utilization of Troubleshooting Documentation</section>
    <section type_section="ILT">Removal and Replacement of Fuses</section>
  </lesson>
  <lesson id="phase 2b block 2">
    <section type_section="ILT">Umbilical Retractor Group</section>
    <section type_section="ILT">Functional and Interface Knowledge of the Umbilical Retractor Group</section>
    <section type_section="ILT">Umbilical Operations Tools and Equipment</section>
    <section type_section="ILT">Mate/Demate Umbilical</section>
    <section type_section="ILT">Install/Remove Umbilical</section>
    <section type_section="ILT">Install/Remove Umbilical Retract Mechanism</section>
    <section type_section="ILT">Participate as Team Member During Launch Tube Closure Installation and Removal</section>
    <section type_section="ILT">Participate as a Team Member During Firing Unit Installation and Removal</section>
    <section type_section="ILT">Participate as Team Member During Gas Generator Installation and Removal</section>
    <section type_section="ILT">Participate as Team Member for Standpipe Installation and Removal</section>
    <section type_section="ILT">Conduct Closure Detonator Circuit Testing as Team Member</section>
  </lesson>
  <lesson id="phase 2b block 8">
    <section type_section="ILT">Missile Receipt Inspection</section>
    <section type_section="ILT">Missile Closeout Inspection</section>
    <section type_section="ILT">Missile Transfer Inspection</section>
  </lesson>
  <lesson id="elite_test">
    <section type_section="ILT">General Knowledge of Launch Tube Group</section>
    <section type_section="ILT">Functional and Interface Knowledge of Launch Tube Group</section>
    <section type_section="ILT">Launch Tube Air Tightness Test Rationale and Background</section>
    <section type_section="ILT">Conduct Launch Tube Air Tightness Test as Team Member</section>
  </lesson>
  <lesson id="phase 2b block 7_v1">
    <section type_section="ILT">Replenish Gas Hydraulic Assembly Fluid</section>
    <section type_section="ILT">Battery &amp; FECA Handling Equipment</section>
    <section type_section="ILT">Replace Flight Control Electronics Assembly (FCEA)</section>
    <section type_section="ILT">Replace Command Sequencer</section>
    <section type_section="ILT">Install/Remove Missile Ground Strap</section>
  </lesson>
  <lesson id="phase 2b block 7_v2">
    <section type_section="ILT">Replenish Gas Hydraulic Assembly Fluid</section>
    <section type_section="ILT">Battery &amp; FECA Handling Equipment</section>
    <section type_section="ILT">Replace Flight Control Electronics Assembly (FCEA)</section>
    <section type_section="ILT">Replace Command Sequencer</section>
    <section type_section="ILT">Install/Remove Missile Ground Strap</section>
  </lesson>
  <lesson id="phase 2b block 7_v2_retrain">
    <section type_section="ILT">Replenish Gas Hydraulic Assembly Fluid</section>
    <section type_section="ILT">Battery &amp; FECA Handling Equipment</section>
    <section type_section="ILT">Replace Flight Control Electronics Assembly (FCEA)</section>
    <section type_section="ILT">Replace Command Sequencer</section>
    <section type_section="ILT">Install/Remove Missile Ground Strap</section>
  </lesson>
</lessons>